{
    "train_r2": 0.9608518239909914,
    "test_r2": 0.9476371529157178,
    "rmse": 3.2243457127986357,
    "mae": 1.6620539772727128,
    "cv_rmse_mean": 4.988939826405222
}